product_name,company,description,url
,Uelzena EG,,https://www.ingredientsnetwork.com/contract-spray-drying-prod660704.html
,Uelzena EG,,https://www.ingredientsnetwork.com/milk-fats-prod635217.html
,Uelzena EG,,https://www.ingredientsnetwork.com/contract-processing-of-milk-fats-prod660705.html
,Uelzena EG,,https://www.ingredientsnetwork.com/ice-mixes-prod1269850.html
,Uelzena EG,,https://www.ingredientsnetwork.com/milk-powder-prod635216.html
,Uelzena EG,,https://www.ingredientsnetwork.com/sweetened-condensed-milk-cream-yoghurt-products-prod635232.html
,"Shanghai Jinli Pharmaceutical Co.,ltd",,https://www.ingredientsnetwork.com/methyl-folate-calcium-prod1301924.html
,"Shanghai Jinli Pharmaceutical Co.,ltd",,https://www.ingredientsnetwork.com/p5p-prod1301922.html
,"Shanghai Jinli Pharmaceutical Co.,ltd",,https://www.ingredientsnetwork.com/pyridoxal-5-phosphate-monohydrate-prod1301923.html
,Heterochem,,https://www.ingredientsnetwork.com/astaxanthin-organic-5-prod1311996.html
,Heterochem,,https://www.ingredientsnetwork.com/magnesium-bisglycinate-prod1311702.html
,Heterochem,,https://www.ingredientsnetwork.com/chondroitin-sulphate-prod1308793.html
,Heterochem,,https://www.ingredientsnetwork.com/coconut-glycerine-organic-prod1311997.html
,Heterochem,,https://www.ingredientsnetwork.com/ahiflower-oil-prod1308789.html
,Heterochem,,https://www.ingredientsnetwork.com/pea-protein-prod1309344.html
,Heterochem,,https://www.ingredientsnetwork.com/magnesium-citrate-prod1311706.html
,Heterochem,,https://www.ingredientsnetwork.com/hydrolyzed-bovine-collagen-peptides-prod1308494.html
,Heterochem,,https://www.ingredientsnetwork.com/gelatin-prod1308933.html
,Heterochem,,https://www.ingredientsnetwork.com/yeast-protein-over-80-sustainable-pure-protein-prod1309341.html
,Heterochem,,https://www.ingredientsnetwork.com/salmon-oil-premium-omega-3-prod1311700.html
,Heterochem,,https://www.ingredientsnetwork.com/hydrocolloids-guar-gum-prod1311692.html
,Heterochem,,https://www.ingredientsnetwork.com/astaxanthin-prod1314879.html
,Heterochem,,https://www.ingredientsnetwork.com/spirulina-prod1308882.html
,Heterochem,,https://www.ingredientsnetwork.com/marine-collagen-prod1309167.html
,Heterochem,,https://www.ingredientsnetwork.com/magnesium-malate-prod1311709.html
,Heterochem,,https://www.ingredientsnetwork.com/potassium-sorbate-prod1311694.html
,Heterochem,,https://www.ingredientsnetwork.com/organic-mct-oil-vegan-plant-based-solution-prod1311698.html
,Heterochem,,https://www.ingredientsnetwork.com/fos-fructooligosaccharides-prod1314881.html
,Heterochem,,https://www.ingredientsnetwork.com/lions-mane-extract-prod1314880.html
,Heterochem,,https://www.ingredientsnetwork.com/microcrystalline-cellulose-mcc-prod1309551.html
,4POTENTIA,,https://www.ingredientsnetwork.com/optibroc-next-gen-broccoli-seed-extract-prod1315852.html
,4POTENTIA,,https://www.ingredientsnetwork.com/cinnulinpf-clinically-studied-patented-cinnamon-prod1315817.html
,4POTENTIA,,https://www.ingredientsnetwork.com/bio-dimax-world-s-most-bioavailable-prod1315819.html
,4POTENTIA,,https://www.ingredientsnetwork.com/cellberry-patented-aronia-extract-for-healthy-prod1316032.html
,4POTENTIA,,https://www.ingredientsnetwork.com/myzyme-standardized-myrosinase-enzyme-that-prod1315818.html
,4POTENTIA,,https://www.ingredientsnetwork.com/creavida-creatine-evolved-patent-protected-formula-prod1315776.html
,4POTENTIA,,https://www.ingredientsnetwork.com/4restore-botanical-sleep-restoration-memory-focus-prod1316160.html
,1-2-Taste,,https://www.ingredientsnetwork.com/1-2-taste-and-anderson-advanced-ingredients-prod1302214.html
,100% Amazonia,,https://www.ingredientsnetwork.com/cupuacu-butter-prod1299064.html
,100% Amazonia,,https://www.ingredientsnetwork.com/frozen-amazonian-fruits-pulps-prod1299065.html
,100% Amazonia,,https://www.ingredientsnetwork.com/frozen-acai-puree-prod1299060.html
